Date Seen,Title,Zach Rating,Zach Comments,Hayley Rating,Hayley Comments,Diff,Release,Director,Production Company,US Distribution,Length (Minutes),Lead Actors,Writers,Description
1/1/2020,Big Hero 6,7,,8,,-1,11/7/2014,"Don Hall, Chris Williams",Walt Disney Pictures,Walt Disney Studios Motion Pictures,102,"Scott Adsit, Ryan Potter, Daniel Henney, T.J. Miller, Jamie Chung, Damon Wayans Jr., Genesis Rodriguez, Alan Tudyk, James Cromwell, Maya Rudolph","Jordan Roberts, Robert L. Baird, Daniel Gerson","The special bond that develops between plus-sized inflatable robot Baymax, and prodigy Hiro Hamada, who team up with a group of friends to form a band of high-tech heroes."
1/2/2020,Bombshell,6,,7,,-1,12/13/2019,Jay Roach,Bron Creative,Lionsgate,108,"Charlize Theron, Nicole Kidman, Margot Robbie, John Lithgow, Kate McKinnon, Connie Britton, Malcolm McDowell, Allison Janne",Charles Randolph,A group of women take on Fox News head Roger Ailes and the toxic atmosphere he presided over at the network.
1/5/2020,The Farewell,10,,10,,0,7/12/2019,Lulu Wang,Ray Productions,A24,100,"Awkwafina, Tzi Ma, Diana Lin, Zhao Shuzhen, Lu Hong, Jiang Yongbo",Lulu Wang,"A Chinese family discovers their grandmother has only a short while left to live and decide to keep her in the dark, scheduling a wedding to gather before she dies."
1/5/2020,The Grand Budapest Hotel,8,,8,,0,3/7/2014,Wes Anderson,Fox Searchlight Pictures,Fox Searchlight Pictures,100,"Ralph Fiennes, F. Murray Abraham, Mathieu Amalric, Adrien Brody, Willem Dafoe, Jeff Goldblum, Harvey Keitel, Jude Law, Bill Murray, Edward Norton, Saoirse Ronan, Jason Schwartzman, Léa Seydoux, Tilda Swinton, Tom Wilkinson, Owen Wilson, Tony Revolori",Wes Anderson,"The adventures of Gustave H, a legendary concierge at a famous hotel from the fictional Republic of Zubrowka between the first and second World Wars, and Zero Moustafa, the lobby boy who becomes his most trusted friend."
1/6/2020,Jumanji: The Next Level,6,,6,,0,12/13/2019,Jake Kasdan,Columbia Pictures,Sony Pictures Releasing,123,"Dwayne Johnson, Jack Black, Kevin Hart, Karen Gillan, Nick Jonas, Awkwafina, Alex Wolff, Morgan Turner, Ser'Darius Blain, Madison Iseman, Danny Glover, Danny DeVito","Jake Kasdan, Jeff Pinkner, Scott Rosenberg","In Jumanji: The Next Level, the gang is back but the game has changed. As they return to rescue one of their own, the players will have to brave parts unknown from arid deserts to snowy mountains, to escape the world's most dangerous game."
1/7/2020,Uncut Gems,6,"The movie doesn't really bring me much joy, but that's not what it was going for. I however enjoyed the artistry that made me frustrated with the awful characters in this movie.",2,,4,12/13/2019,"Josh Safdie, Benny Safdie",Elara Pictures,A24,135,"Adam Sandler, Kevin Garnett, Julia Fox, Lakeith Stanfield, Idina Menzel, Eric Bogosian",Ronald Bronstein,"A charismatic New York City jeweler always on the lookout for the next big score makes a series of high-stakes bets that could lead to the windfall of a lifetime. Howard must perform a precarious high-wire act, balancing business, family, and encroaching adversaries on all sides in his relentless pursuit of the ultimate win."
1/9/2020,Zootopia,8,,8,,0,3/4/2016,"Byron Howard, Rich Moore",Walt Disney Pictures,Walt Disney Studios Motion Pictures,108,"Ginnifer Goodwin, Jason Bateman, Idris Elba, Jenny Slate, Nate Torrence, Bonnie Hunt, Don Lake, Tommy Chong, J. K. Simmons, Octavia Spencer, Alan Tudyk, Shakira","Jared Bush, Phil Johnston","In a city of anthropomorphic animals, a rookie bunny cop and a cynical con artist fox must work together to uncover a conspiracy."
1/10/2020,Marriage Story,10,Dramas like this really hit home with me. It had laughs but was filled with moments of realness that make you sit back and lose yourself as a spectator. ,10,,0,11/6/2019,Noah Baumbach,Heyday Films,Netflix,137,"Scarlett Johansson, Adam Driver, Laura Dern, Alan Alda, Ray Liotta, Julie Hagerty, Merritt Wever",Noah Baumbach,Noah Baumbach's incisive and compassionate look at a marriage breaking up and a family staying together.
1/13/2020,Underwater,3,"Too much TJ Miller (if that's possible). He makes that movie great, but also needs to save that movie too much. The monsters seem unnecessary and ridiculous at times. I preferred it as a trapped underwater with SOME monsters movie than what it became by the end.",4,,-1,1/10/2020,William Eubank,Chernin Entertainment,20th Century Fox,95,"Kristen Stewart, Vincent Cassel, Jessica Henwick, John Gallagher Jr., Mamoudou Athie, T.J. Miller","Brian Duffield, Adam Cozad",A crew of aquatic researchers work to get to safety after an earthquake devastates their subterranean laboratory. But the crew has more than the ocean seabed to fear.
1/16/2020,Parasite,10,,10,,0,10/11/2019,Bong Joon-ho,Barunson E&A,CJ Entertainment,132,"Song Kang-ho, Lee Sun-kyun, Cho Yeo-jeong, Choi Woo-shik, Park So-dam, Lee Jung-eun, Chang Hyae-jin","Bong Joon-ho, Han Jin-won","All unemployed, Ki-taek and his family take peculiar interest in the wealthy and glamorous Parks, as they ingratiate themselves into their lives and get entangled in an unexpected incident."
1/18/2020,1917,10,,9,,1,12/25/2019,Sam Mendes,DreamWorks Pictures,Universal Pictures,119,"George MacKay, Dean-Charles Chapman, Mark Strong, Andrew Scott, Richard Madden, Claire Duburcq, Colin Firth, Benedict Cumberbatch",Sam Mendes,"April 6th, 1917. As a regiment assembles to wage war deep in enemy territory, two soldiers are assigned to race against time and deliver a message that will stop 1,600 men from walking straight into a deadly trap"
1/21/2020,Weathering with You,4,,4,,0,7/19/2019,Makoto Shinkai,CoMix Wave Films,Toho,112,"Kotaro Daigo, Nana Mori",Makoto Shinkai,A high-school boy who has run away to Tokyo befriends a girl who appears to be able to manipulate the weather.
1/24/2020,The Gentlemen,6,,7,,-1,1/24/2020,Guy Ritchie,Miramax,STXfilms,113,"Matthew McConaughey, Charlie Hunnam, Henry Golding, Michelle Dockery, Jeremy Strong, Eddie Marsan, Colin Farrell, Hugh Grant",Guy Ritchie,"An American expat tries to sell off his highly profitable marijuana empire in London, triggering plots, schemes, bribery and blackmail in an attempt to steal his domain out from under him."
1/31/2020,The Rhythm Section,2,"I don't know if it was the plot holes, bad acting by Blake Lively, or the guy chomping popcorn next to me, but I hated this movie. the music was probably the best part. I found no other redeeming qualities.",3,,-1,1/31/2020,Reed Morano,Global Road Entertainment,Paramount Pictures,109,"Blake Lively, Jude Law, Sterling K. Brown",Mark Burnell,A woman seeks revenge against those who orchestrated a plane crash that killed her family.
2/6/2020,Birds of Prey,6,,7,,-1,2/7/2020,Cathy Yan,DC Films,Warner Bros. Pictures,109,"Margot Robbie, Mary Elizabeth Winstead, Jurnee Smollett-Bell, Rosie Perez, Chris Messina, Ella Jay Basco, Ali Wong, Ewan McGregor",Christina Hodson,"After splitting with the Joker, Harley Quinn joins superheroes Black Canary, Huntress and Renee Montoya to save a young girl from an evil crime lord."
2/9/2020,Toy Story 4,4,,4,Terrible ending. Character qualities didn't match their actions. ,0,6/21/2019,Josh Cooley,"Walt Disney Pictures, Pixar Animation Studios",Walt Disney Studios Motion Pictures,100,"Tom Hanks, Tim Allen, Annie Potts, Tony Hale, Keegan-Michael Key, Jordan Peele, Madeleine McGraw, Christina Hendricks, Keanu Reeves, Ally Maki, Jay Hernandez, Lori Alan, Joan Cusack","Andrew Stanton, Stephany Folsom","When a new toy called ""Forky"" joins Woody and the gang, a road trip alongside old and new friends reveals how big the world can be for a toy."
2/12/2020,Midsommar,10,,7,,3,7/3/2019,Ari Aster,Square Peg,A24,148,"Florence Pugh, Jack Reynor, William Jackson Harper, Vilhelm Blomgren, Ellora Torchia, Archie Madekwe, Will Poulter",Ari Aster,A couple travels to Sweden to visit a rural hometown's fabled mid-summer festival. What begins as an idyllic retreat quickly devolves into an increasingly violent and bizarre competition at the hands of a pagan cult.
2/16/2020,Sonic the Hedgehog,7,"Feels like the movie was made by Reddit for Reddit. I'd say the plot was very linear and the acting was unimpressive, but boy did I still laugh a bunch. there were some good throw backs to the game including final boss battle with Sonic jumping on the aircraft to kill it. ",7,,0,2/14/2020,Jeff Fowler,Sega Sammy Group,Paramount Pictures,99,"Ben Schwartz, Jim Carrey, James Marsden, Tika Sumpter, Natasha Rothwell, Adam Pally, Neal McDonough","Pat Casey, Josh Miller","After discovering a small, blue, fast hedgehog, a small-town police officer must help him defeat an evil genius who wants to do experiments on him."
2/17/2020,Fantasy Island,3,"This movie seems like a coin flip to me. It's direction is what I've always considered wanting to make, a horror movie inspired by old horror movie themes. When done successfully, paired with a captivating plot and good amount of metaphors/Easter eggs, it can be an incredible movie. this however fell short on nearly every level. I applaud the effort and twists and turns along the way, but I wasn't scared, laughing, or amused during this movie. I instead only thought of what could have been with a Fantasy Island movie.",N/A,,#VALUE!,2/14/2020,Jeff Wadlow,"Columbia Pictures, Blumhouse Productions",Sony Pictures Releasing,109,"Michael Peña, Maggie Q, Lucy Hale, Austin Stowell, Portia Doubleday, Jimmy O. Yang, Ryan Hansen, Michael Rooker","Jeff Wadlow, Chris Roach, Jillian Jacobs","When the owner and operator of a luxurious island invites a collection of guests to live out their most elaborate fantasies in relative seclusion, chaos quickly descends."
2/22/2020,Luce,8,,7,,1,8/2/2019,Julius Onah,Dream Factory Group,NEON,109,"Naomi Watts, Octavia Spencer, Kelvin Harrison Jr., Tim Roth","J.C. Lee, Julius Onah","A married couple is forced to reckon with their idealized image of their son, adopted from war-torn Eritrea, after an alarming discovery by a devoted high school teacher threatens his status as an all-star student."
2/23/2020,Call of the Wild,4,"I never read the books, which didn't add the nastalgia it probably needed to be a tolerable movie for me. CGI was too much and the story was a snooze",4,,0,2/21/2020,Chris Sanders,TSG Entertainment,20th Century Studios,100,"Harrison Ford, Omar Sy, Dan Stevens, Karen Gillan, Bradley Whitford",Michael Green,A sled dog struggles for survival in the wilds of the Yukon.
2/25/2020,Downhill,3,,4,,-1,2/14/2020,"Nat Faxon, Jim Rash",TSG Entertainment,Searchlight Pictures,86,"Julia Louis-Dreyfus, Will Ferrell","Jesse Armstrong, Nat Faxon, Jim rash","Barely escaping an avalanche during a family ski vacation in the Alps, a married couple is thrown into disarray as they are forced to reevaluate their lives and how they feel about each other."
2/27/2020,The Invisible Man,10,,10,,0,2/28/2020,Leigh Whannell,"Universal Pictures, Blumhouse Productions",Universal Pictures,124,"Elisabeth Moss, Aldis Hodge, Storm Reid, Harriet Dyer, Michael Dorman, Oliver Jackson-Cohen",Leigh Whannell,"When Cecilia's abusive ex takes his own life and leaves her his fortune, she suspects his death was a hoax. As a series of coincidences turn lethal, Cecilia works to prove that she is being hunted by someone nobody can see."
2/28/2020,Hot Rod,8,,N/A,,#VALUE!,8/3/2007,Akiva Schaffer,Paramount Pictures,Paramount Pictures,88,"Andy Samberg, Isla Fisher, Jorma Taccone, Bill Hader, Danny McBride, Sissy Spacek, Ian McShane",Pam Brady,Self-proclaimed stuntman Rod Kimble is preparing for the jump of his life - to clear fifteen buses to raise money for his abusive stepfather Frank's life-saving heart operation.
2/29/2020,Drive,4,,4,,0,9/16/2011,Nicolas Winding Refn,Bold Films,FilmDistrict,100,"Ryan Gosling, Carey Mulligan, Bryan Cranston, Christina Hendricks, Ron Perlman, Oscar Isaac, Albert Brooks",Hossein Amini,A mysterious Hollywood stuntman and mechanic moonlights as a getaway driver and finds himself in trouble when he helps out his neighbor in this action drama.
3/4/2020,The Lodge,7,,5,Ending redeemed the movie a little,2,2/7/2020,"Veronika Franz, Severin Fiala",FilmNation Entertainment,NEON,108,"Riley Keough, Jaeden Martell, Lia McHugh, Alicia Silverstone, Richard Armitage","Sergio Casci, Veronika Franz, Severin Fiala","A soon-to-be stepmom is snowed in with her fiancé's two children at a remote holiday village. Just as relations begin to thaw between the trio, some strange and frightening events take place."
3/5/2020,Onward,8,,9,,-1,3/6/2020,Dan Scanlon,"Waly Disney Pictures, Pixar Animation Studios",Walt Disney Studios Motion Pictures,102,"Chris Pratt, Tom Holland, Julia Louis-Dreyfus, Octavia Spencer","Dan Scanlon, Jason Headley, Keith Bunin",Two elven brothers embark on a quest to bring their father back for one day.
3/8/2020,Emma,5,,6,,-1,2/14/2020,Autumn de Wilde,Perfect World Pictures,Focus Features,124,"Anya Taylor-Joy, Johnny Flynn, Josh O'Connor, Callum Turner, Mia Goth, Miranda Hart, Bill Nighy",Eleanor Catton,"In 1800s England, a well meaning but selfish young woman meddles in the love lives of her friends."
3/9/2020,Portrait of a Lady on Fire,9,,9,,0,9/18/2019,Céline Sciamma,Lilies Films,Pyramide Films,120,"Noémie Merlant, Adèle Haenel",Céline Sciamma,"On an isolated island in Brittany at the end of the eighteenth century, a female painter is obliged to paint a wedding portrait of a young woman."
3/12/2020,The Hunt,5,"Another satire about society and this time our political system. I generally like these movies, but this one was off the mark for my higher expectations. The moments I was surprised with the director's jokes were great, but the rest was predicted. If only the final battle could have been the whole movie. ",6,,-1,3/13/2020,Craig Zobel,Blumhouse Productions,Universal Pictures,90,"Ike Barinholtz, Betty Gilpin, Amy Madigan, Emma Roberts, Ethan Suplee, Hilary Swank","Nick Cuse, Damon Lindelof","Twelve strangers wake up in a clearing. They don't know where they are, or how they got there. They don't know they've been chosen - for a very specific purpose - The Hunt."
3/13/2020,Fight Club,8,,8,,0,10/15/1999,David Fincher,"Fox 2000 Pictures, Regency Enterprises",20th Century Fox,139,"Brad Pitt, Edward Norton, Helena Bonham Carter, Meat Loaf Aday, Jared Leto",Jim Uhls,"An insomniac office worker and a devil-may-care soapmaker form an underground fight club that evolves into something much, much more."
3/14/2020,Long Shot,8,,7,,1,3/3/2019,Jonathan Levine,Summit Entertainment,Lionsgate,124,"Seth Rogen, Charlize Theron, O'Shea Jackson Jr., Andy Serkis, June Diane Raphael, Bob Odenkirk, Alexander Skarsgård","Dan Sterling, Liz Hannah","Journalist Fred Flarsky reunites with his childhood crush, Charlotte Field, now one of the most influential women in the world. As she prepares to make a run for the Presidency, Charlotte hires Fred as her speechwriter and sparks fly."
3/14/2020,I Still Believe,4,"Boring, slow, and didn't sell my on a single belief/story.",4,,0,3/13/2020,Erwin Brothers,Kingdom Story Company,Lionsgate,116,"KJ Apa, Britt Robertson, Melissa Roxburgh, Nathan Parsons, Shania Twain, Gary Sinise","Jon Erwin, Jon Gunn, Madeline Carroll",The true-life story of Christian music star Jeremy Camp and his journey of love and loss that looks to prove there is always hope.
3/20/2020,Star Wars IV: A New Hope,7,,5,Decent movie (didn't fall asleep),2,3/25/1977,George Lucas,Lucasfilm Ltd.,20th Century Fox,121,"Mark Hamill, Harrison Ford, Carrie Fisher, Peter Cushing, Alec Guinness",George Lucas,"Luke Skywalker joins forces with a Jedi Knight, a cocky pilot, a Wookiee and two droids to save the galaxy from the Empire's world-destroying battle station, while also attempting to rescue Princess Leia from the mysterious Darth Vader."
3/21/2020,Clue,6,,8,,-2,12/13/1985,Jonathan Lynn,Guber-Peters Company,Paramount Pictures,96,"Eileen Brennan, Tim Curry, Madeline Kahn, Christopher Lloyd, Michael McKean, Martin Mull, Lesley Ann Warren",Jonathan Lynn,"Six guests are anonymously invited to a strange mansion for dinner, but after their host is killed, they must cooperate with the staff to identify the murderer as the bodies pile up."
3/25/2020,Groundhog Day,8,,6,,2,2/12/1993,Harold Ramis,Columbia Pictures,Columbia Pictures,101,"Bill Murray, Andie MacDowell, Chris Elliot","Danny Rubin, Harold Ramis",A weatherman finds himself inexplicably living the same day over and over again.
3/26/2020,Inception,9,,8,,1,7/16/2010,Christopher Nolan,Legendary Pictures,Warner Bros. Pictures,148,"Leonardo DiCaprio, Ken Watanabe, Joseph Gordon-Levitt, Marion Cotillard, Ellen Page, Tom Hardy, Cillian Murphy, Tom Berenger,  Michael Caine",Christopher Nolan,A thief who steals corporate secrets through the use of dream-sharing technology is given the inverse task of planting an idea into the mind of a C.E.O.
3/27/2020,Blade Runner,7,,5,,2,7/25/1982,Ridley Scott,The Ladd Company,Warner Bros.,117,"Harrison Ford, Rutger Hauer, Sean Young, Edward James Olmos","Hampton Fancher, David Peoples","A blade runner must pursue and terminate four replicants who stole a ship in space, and have returned to Earth to find their creator."
3/28/2020,Free Solo,9,,7,,2,9/28/2018,"Elizabeth Chai Vasarhelyi, Jimmy Chin",Little Monster Films,National Geographic Documentary Films,100,"Alex Honnold, Sanni McCandless, Jimmy Chin, Tommy Caldwell",,Alex Honnold attempts to become the first person to ever free solo climb El Capitan.
4/8/2020,Father of the Bride,5,"I just don't think this is my humor. It's a bit too ridiculous for my taste, but what can you expect from a Steve Martin comedy.",6,,-1,12/20/1991,Charles Shyer,Touchstone Pictures,Buena Vista Pictures,105,"Steve Martin, Diane Keaton, Kimberly Williams, Martin Short","Charles Shyer, Nancy Meyers, Frances Goodrich, Albert Hackett","With his oldest daughter's wedding approaching, a father finds himself reluctant to let go."
4/12/2020,The Platform,6,"There's a creative element to this movie that I adore. The story is great and the acting is appropriate. Not rating it as an elite movie because the social class movie has been done many times before in better ways. I think the gore was a lot, but necessary because of what it symbolizes with our societal hierarchies.",7,,-1,3/20/2020,Galder Gaztelu-Urrutia,Basque Films,Netflix,94,"Iván Massagué, Antonia San Juan, Zorion Eguileor, Emilio Buale, Alexandra Masangkay",David Desola,A vertical prison with one cell per level. Two people per cell. One only food platform and two minutes per day to feed from up to down. An endless nightmare trapped in The Hole.
4/15/2020,Devil Wears Prada,7,,7,,0,6/30/2006,David Frankel,Fox 2000 Pictures,20th Century Fox,109,"Meryl Streep, Anne Hathaway, Stanley Tucci, Simon Baker, Emily Blunt, Adrian Grenier",Aline Brosh McKenna,"A smart but sensible new graduate lands a job as an assistant to Miranda Priestly, the demanding editor-in-chief of a high fashion magazine."
4/17/2020,Wall-E,7,,8,,-1,6/27/2008,Andrew Stanton,"Walt Disney Pictures, Pixar Animation Studios",Walt Disney Studios Motion Pictures,97,"Ben Burtt, Elissa Knight, Jeff Garlin, Fred Willard, John Ratzenberger, Kathy Najimy, Sigourney Weaver","Andrew Stanton, Pete Docter","In the distant future, a small waste-collecting robot inadvertently embarks on a space journey that will ultimately decide the fate of mankind."
4/24/2020,Rosemary's Baby,9,,7,,2,6/12/1968,Roman Polanski,William Castle Enterprises,Paramount Pictures,136,"Mia Farrow,John Cassavetes, Ruth Gordon, Sidney Blackmer, Maurice Evans, Ralph Bellamy",Roman Polanski,A young couple trying for a baby move into a fancy apartment surrounded by peculiar neighbors.
5/1/2020,No Crying at the Dinner Table,9,Touching short/documentary. Tells a deep and meaningful story in so little time. Great edits.,8,,1,6/19/2020,Carol Nguyen,,Travelling Distribution,16,,Carol Nguyen,"Filmmaker Carol Nguyen interviews her own family to craft an emotionally complex and meticulously composed portrait of intergenerational trauma, grief, and secrets in this cathartic documentary about things left unsaid."
5/1/2020,Treasure Planet,5,Animation seemed a bit janky but it's an old movie. Reminded me of Hercules with the mix of 2D and 3D.,5,,0,11/27/2002,"Ron Clements, John Musker",Walt Disney Pictures,Buena Vista Pictures,95,"Joseph Gordon-Levitt, Brian Murray, Emma Thompson, David Hyde Pierce, Martin Short, Michael Wincott, Laurie Metcalf, Roscoe Lee Browne","Ron Clements, John Musker, Rob Edwards","A Disney animated version of ""Treasure Island"". The only difference is that this movie is set in outer space with alien worlds and other galactic wonders."
5/2/2020,My Darling Vivian,4,"Not to discredit the plight of Vivian Liberto, but I didn't think it was all that great of a movie. The goal was to bring honor to her name by showing that she was a greatly misunderstood wife and mother. Unfortunately, I didn't know she her before the movie to need correcting. Overall, movie was too much for me. Adding smoking effects to a still photograph... Why?!",5,,-1,6/19/2020,Matt Riddlehoover,This Heart of Mine,The Film Collaborative,90,"Vivian Liberto, Johnny Cash, Rosanne Cash, Kathy Cash Tittle, Cindy Cash, Tara Cash Schwoebel",,"The story of Vivian Liberto, Johnny Cash's first wife and the mother of his four daughters."
5/3/2020,Le Choc du Futur,3,Could the story have been told in 20-30 minutes? Yes. ,3,,0,6/19/2020,Marc Collin,,,84,"Alma Jodorowsky, Philippe Rebbot, Geoffrey Carey","Marc Collins, Elina Gakou Gomba",The late 1970s arrival of electronic music to France is dealt with in the story of 24 hours in the life of a young woman composer in Paris.
5/12/2020,Snowpiercer,8,,6,,2,7/29/2013,Bong Joon-ho,Moho Film,The Weinstein Company,126,"Chris Evans, Song Kang-ho, Tilda Swinton, Jamie Bell, Octavia Spencer, Ewen Bremner, Ko Asung, John Hurt, Ed Harris","Bong Joon-ho, Kelly Masterson","In a future where a failed climate-change experiment has killed all life except for the lucky few who boarded the Snowpiercer, a train that travels around the globe, a new class system emerges."
5/16/2020,Togo,4,Never a great sign that the dog was more interested in the movie than I was. The movie was okay but the dialogue seemed like they were stage acting. I don't mind the story but there wasn't much to keep me invested; maybe it's because I've already seen Balto and know they get the medicine back to the town.,4,,0,12/20/2019,Ericson Core,Walt Disney Pictures,Disney+,114,Willem Dafoe,Tom Flynn,"The story of Togo, the sled dog who led the 1925 serum run yet was considered by most to be too small and weak to lead such an intense race."
5/23/2020,Cruel Intentions,5,,6,,-1,3/5/1999,Roger Kumble,Original Film,Columbia Pictures,97,"Sarah Michelle Gellar, Ryan Phillippe, Reese Witherspoon, Selma Blair",Roger Kumble,Two vicious step-siblings of an elite Manhattan prep school make a wager: to deflower the new headmaster's daughter before the start of term.
5/24/2020,The Invisible,2,lots of forced character relationships and things turn up on end halfway through the movie for no reason. ,3,What happened to the dad's story about why he got kicked off the force?,-1,4/27/2007,David S. Goyer,Hollywood Pictures,Buena Vista Pictures,102,"Justin Chatwin, Margarita Levieva, Chris Marquette, Marcia Gay Harden","Mick Davis, Christine Roum",A teenager is left invisible to the living after an attack.
5/25/2020,Gravity,7,,7,,0,10/4/2013,Alfonso Cuarón,Heyday Films,Warner Bros. Pictures,91,"Sandra Bullock, George Clooney","Alfonso Cuarón, Jonás Cuarón",Two astronauts work together to survive after an accident leaves them stranded in space.
5/26/2020,School of Rock,9,,7,,2,10/3/2003,Richard Linklater,Scott Rudin Productions,Paramount Pictures,109,"Jack Black, Joan Cusack. Mike White, Sarah Silverman",Mike White,"After being kicked out of his rock band, Dewey Finn becomes a substitute teacher of an uptight elementary private school, only to try and turn his class into a rock band."
5/27/2020,The Help,7,,7,,0,8/10/2011,Tate Taylor,DreamWorks Pictures,Walt Disney Studios Motion Pictures,146,"Jessica Chastain, Viola Davis, Bryce Dallas Howard, Allison Janney, Octavia Spencer, Emma Stone",Tate Taylor,"An aspiring author during the civil rights movement of the 1960s decides to write a book detailing the African American maids' point of view on the white families for which they work, and the hardships they go through on a daily basis."
5/28/2020,Ready or Not,9,,8,,1,8/21/2019,"Matt Bettinelli-Olpin, Tyler Gillett",Mythology Entertainment,Fox Searchlight Pictures,95,"Samara Weaving, Adam Brody, Mark O'Brien, Henry Czerny, Andie MacDowell","Guy Busick, R. Christpoher Murphy",A bride's wedding night takes a sinister turn when her eccentric new in-laws force her to take part in a terrifying game.
5/29/2020,Red Eye,5,,6,,-1,8/19/2005,Wes Craven,BenderSpink Craven-Maddalena Films,DreamWorks Pictures,85,"Rachel McAdams, Cillian Murphy, Brian Cox",Carl Ellsworth,"A woman is kidnapped by a stranger on a routine flight. Threatened by the potential murder of her father, she is pulled into a plot to assist her captor in offing a politician."
5/30/2020,The Joker,9,"In the midst of all the rioting and violence going on outside my window as well as a myriad of places in this country, this movie speaks volumes about how the issues people face are two directional. A mentally unstable person hurts the world just as much as the world is hurting them forming a cyclical pattern. This happens in more than the movies. Bullying, homelessness, racism, sexism.. all these things force eternal chaos and hatred. Something needs to break that cycle. From what I know of the DC comics, Batman can't even break that evil so I'm not sure what the 'hero'-less world can do besides keep trying to show compassion.",9,,0,10/4/2019,Todd Phillips,"Warner Bros. Pictures, DC Films",Warner Bros. Pictures,122,"Joaquin Phoenix, Robert De Niro, Zazie Beetz, Frances Conroy, Brett Cullen, Glenn Fleshler, Bill Camp, Shea Whigham, Marc Maron","Todd Phillips, Scott Silver","In Gotham City, mentally troubled comedian Arthur Fleck is disregarded and mistreated by society. He then embarks on a downward spiral of revolution and bloody crime. This path brings him face-to-face with his alter-ego: the Joker."
6/11/2020,The Hunger Games,8,"I mean, I've seen this movie so many time. I'm in it for peets sake. I can't give this movie below an 8 if they were nice enough to put my ugly mug in it. ",7,,1,3/23/2012,Gary Ross,Color Force,Lionsgate Films,142,"Jennifer Lawrence, Josh Hutcherson, Liam Hemsworth, Woody Harrelson, Elizabeth Banks, Lenny Kravitz, Stanley Tucci, Donald Sutherland","Suzanne Collins, Gary Ross, Billy Ray",Katniss Everdeen voluntarily takes her younger sister's place in the Hunger Games: a televised competition in which two teenagers from each of the twelve Districts of Panem are chosen at random to fight to the death.
6/14/2020,Twister,7,,N/A,,#VALUE!,5/10/1996,Jan de Bont,Warner Bros. Pictures,Warner Bros. Pictures,113,"Helen Hunt, Bill Paxton, Jami Gertz, Philip Seymour Hoffman, Cary Elwes","Michael Crichton, Anne-Marie Martin","Bill and Jo Harding, advanced storm chasers on the brink of divorce, must join together to create an advanced weather alert system by putting themselves in the cross-hairs of extremely violent tornadoes."
6/15/2020,The Hundred-Foot Journey,5,,6,,-1,8/8/2014,Lasse Hallström,DreamWorks Pictures,Walt Disney Studios Motion Pictures,122,"Helen Mirren, Om Puri, Manish Dayal, Charlotte Le Bon",Steven Knight,The Kadam family leaves India for France where they open a restaurant directly across the road from Madame Mallory's Michelin-starred eatery.
6/22/2020,The Hunger Games: Catching Fire,8,,8,,0,11/22/2013,Francis Lawrence,"Lionsgate Films, Color Force",Lionsgate Films,146,"Jennifer Lawrence, Josh Hutcherson, Liam Hemsworth, Woody Harrelson, Elizabeth Banks, Lenny Kravitz, Stanley Tucci, Donald Sutherland, Philip Seymour Hoffman, Jeffrey Wright","Simon Beaufoy, Michael deBruyn",Katniss Everdeen and Peeta Mellark become targets of the Capitol after their victory in the 74th Hunger Games sparks a rebellion in the Districts of Panem.
6/23/2020,The Hunger Games: Mockingjay Part 1,6,,6,,0,11/21/2014,Francis Lawrence,"Studio Babelsberg AG, Color Force",Lionsgate Films,123,"Jennifer Lawrence, Josh Hutcherson, Liam Hemsworth, Woody Harrelson, Elizabeth Banks, Julianne Moore, Stanley Tucci, Donald Sutherland, Philip Seymour Hoffman, Jeffrey Wright","Danny Strong, Peter Craig","Katniss Everdeen is in District 13 after she shatters the games forever. Under the leadership of President Coin and the advice of her trusted friends, Katniss spreads her wings as she fights to save Peeta and a nation moved by her courage."
6/27/2020,Psycho,8,,7,,1,9/8/1960,Alfred Hitchcock,Shamley Productions,Paramount Pictures,109,"Anthony Perkins, Vera Miles, John Gavin, Martin Balsam, John McIntire, Janet Leigh",Joseph Stefano,"A Phoenix secretary embezzles forty thousand dollars from her employer's client, goes on the run, and checks into a remote motel run by a young man under the domination of his mother."
6/28/2020,Baby Mama,N/A,,7,,#VALUE!,4/25/2008,Michael McCullers,Relativity Media,Universal Studios,99,"Tina Fey, Amy Poehler, Greg Kinnear, Dax Shepard, Romany Malco, Maura Tierney, Holland Taylor, Sigourney Weaver",Michael McCullers,"A successful, single businesswoman who dreams of having a baby discovers she is infertile and hires a working class woman to be her unlikely surrogate."
7/1/2020,The Court Jester,6,,4,,2,1/27/1956,"Melvin Frank, Normal Panama",Dena Enterprises,Paramount Pictures,101,"Danny Kaye, Glynis Johns, Basil Rathbone, Angela Lansbury, Cecil Parker","Melvin Frank, Norman Panama",A hapless carnival performer masquerades as the court jester as part of a plot against an evil ruler who has overthrown the rightful King.
7/2/2020,Ghostbusters,8,,7,,1,6/8/1984,Ivan Reitman,Columbia-Delphi Productions,Columbia Pictures,105,"Bill Murray, Dan Aykroyd, Sigourney Weaver, Harold Ramis, Rick Moranis","Dan Aykroyd, Harold Ramis",Three former parapsychology professors set up shop as a unique ghost removal service.
7/3/2020,Short Term 12,8,,7,,1,8/23/2013,Destin Daniel Cretton,Demarest Films,Cinedigm,96,"Brie Larson, John Gallagher, Jr., Kaitlyn Dever, Rami Malek, Lakeith Stanfield, Kevin Hernandez, Melora Walters, Stephanie Beatriz",Destin Daniel Cretton,A 20-something supervising staff member of a residential treatment facility navigates the troubled waters of that world alongside her co-worker and longtime boyfriend.
7/3/2020,Hamilton,6,,8,,-2,7/3/2020,Thomas Kail,Walt Disney Pictures,Walt Disney Studios Motion Pictures,160,"Daveed Diggs, Renée Elise Goldsberry, Jonathan Groff, Christopher Jackson, Jasmine Cephas Jones, Lin-Manuel Miranda, Leslie Odom Jr., Okieriete Onaodowan, Anthony Ramos, Phillipa Soo",Lin-Manuel Miranda,"The real life of one of America's foremost founding fathers and first Secretary of the Treasury, Alexander Hamilton. Captured live on Broadway from the Richard Rodgers Theater with the original Broadway cast."
7/8/2020,Eurovision Song Contest: The Story of Fire Saga,6,,6,"The movie was actually better than i thought throughout, but the movie ending was surprisingly enjoyable without the stereotypical ending. Also, the songs were good.",0,6/26/2020,David Dobkin,Gary Sanchez Productions,Netflix,123,"Will Ferrell, Rachel McAdams, Dan Stevens, Melissanthi Mahut, Mikael Persbrandt, Ólafur Darri Ólafsson, Graham Norton, Demi Lovato, Pierce Brosnan","Will Ferrell, Andrew Steele","When aspiring musicians Lars and Sigrit are given the opportunity to represent their country at the world's biggest song competition, they finally have a chance to prove that any dream worth having is a dream worth fighting for."
7/12/2020,Horrible Bosses,8,,8,,0,7/8/2011,Seth Gordon,New Line Cinema,Warner Bros. Pictures,98,"Jason Bateman, Charlie Day, Jason Sudeikis, Jennifer Aniston, Colin Farrell, Kevin Spacey, Jamie Foxx","Michael Markowitz, John Francis Daley, Jonathan Goldstein",Three friends conspire to murder their awful bosses when they realize they are standing in the way of their happiness.
7/13/2020,Palm Springs,9,,8,,1,7/10/2020,Max Barbakow,"Limelight Productions, Lonely Island Classics","NEON, Hulu",90,"Andy Samberg, Cristin Milioti, Peter Gallagher, J. K. Simmons",Andy Siara,"When carefree Nyles and reluctant maid of honor Sarah have a chance encounter at a Palm Springs wedding, things get complicated as they are unable to escape the venue, themselves, or each other."
7/17/2020,Ratatouille,9,,9,,0,6/29/2007,Brad Bird,"Walt Disney Pictures, Pixar Animation Studios",Buena Vista Pictures,111,"Patton Oswalt, Ian Holm, Lou Romano, Janeane Garofalo, Brad Garrett, Peter O'Toole, Brian Dennehy, Peter Sohn, Will Arnett",Brad Bird,A rat who can cook makes an unusual alliance with a young kitchen worker at a famous restaurant.
7/18/2020,The Biggest Little Farm,8,,7,,1,5/10/2019,John Chester,FarmLore Films,NEON,92,"John Chester, Molly Chester","John Chester, Mark Monroe",Documentarian John Chester and his wife Molly work to develop a sustainable farm on 200 acres outside of Los Angeles.
7/23/2020,Bohemian Rhapsody,9,,8,,1,11/2/2018,Bryan Singer,20th Century Fox,20th Century Fox,134,"Rami Malek, Lucy Boynton, Gwilym Lee, Ben Hardy, Joe Mazzello, Aidan Gillen, Tom Hollander, Allen Leech, Mike Myers",Anthony McCarten,"The story of the legendary British rock band Queen and lead singer Freddie Mercury, leading up to their famous performance at Live Aid (1985)."
7/24/2020,Pride & Prejudice,6,,8,,-2,11/11/2005,Joe Wright,Working Title Films,Focus Features,127,"Keira Knightley, Matthew Macfadyen, Brenda Blethyn, Donald Sutherland, Tom Hollander, Rosamund Pike, Jena Malone, Judi Dench",Deborah Moggach,"Sparks fly when spirited Elizabeth Bennet meets single, rich, and proud Mr. Darcy. But Mr. Darcy reluctantly finds himself falling in love with a woman beneath his class. Can each overcome their own pride and prejudice?"
7/27/2020,The Old Guard,8,,8,,0,7/10/2020,Gina Prince-Bythwood,"Skydance Media, Denver and Delilah Productions",Netflix,125,"Charlize Theron, KiKi Layne, Marwan Kenzari, Luca Marinelli, Harry Melling, Veronica Ngo, Matthias Schoenaerts, Chiwetel Ejiofor",Greg Rucka,A covert team of immortal mercenaries is suddenly exposed and must now fight to keep their identity a secret just as an unexpected new member is discovered.
8/1/2020,Athlete A,N/A,,7,,#VALUE!,6/24/2020,"Bonni Cohen, Jon Shenk",Actual Films,Netflix,104,,,Follow the Indianapolis Star reporters that broke the story about USA Gymnastics doctor Larry Nassar's abuse and hear from gymnasts like Maggie Nichols.
8/1/2020,It (Chapter 1),8,,8,,0,9/8/2017,Andy Muschietti,"New Line Cinema, KatzSmith Productions, Lin Pictures, Vertigo Entertainment",Warner Bros. Pictures,135,"Jaeden Lieberher, Bill Skarsgård, Jeremy Ray Taylor, Sophia Lillis, Finn Wolfhard, Wyatt Oleff, Chosen Jacobs, Jack Dylan Grazer, Nicholas Hamilton, Jackson Robert Scott","Chase Palmer, Cary Fukunaga, Gary Dauberman","In the summer of 1989, a group of bullied kids band together to destroy a shape-shifting monster, which disguises itself as a clown and preys on the children of Derry, their small Maine town."
8/1/2020,It: Chapter 2,6,,7,,-1,9/6/2019,Andy Muschietti,"New Line Cinema, Double Dream, Vertigo Entertainment, Rideback",Warner Bros. Pictures,169,"Jessica Chastain, James McAvoy, Bill Hader, Isaiah Mustafa, Jay Ryan, James Ransone, Andy Bean, Bill Skarsgård",Gary Dauberman,"Twenty-seven years after their first encounter with the terrifying Pennywise, the Losers Club have grown up and moved away, until a devastating phone call brings them back."
8/7/2020,Airplane!,5,,NA,,#VALUE!,7/2/1980,"Jim Abrahams, David Zucker, Jerry Zucker","Paramount Pictures, Howard W. Koch Productions",Paramount Pictures,87,"Robert Hays, Julie Hagerty, Leslie Nielsen, Robert Stack, Lloyd Bridges, Peter Graves, Kareem Abdul-Jabbar, Lorna Patterson","Jim Abrahams, David Zucker, Jerry Zucker",A man afraid to fly must ensure that a plane lands safely after the pilots become sick.
8/9/2020,Blackfish,N/A,,9,,#VALUE!,7/19/2013,Gabriela Cowperthwaite,CNN Films,Magnolia Pictures,83,,"Gabriela Cowperthwaite, Eli Despres, Tim Zimmermann","A documentary following the controversial captivity of killer whales, and its dangers for both humans and whales."
8/23/2020,The Wrong Missy,1,,3,,-2,5/13/2020,Tyler Spindel,Happy Madison Productions,Netflix,90,"David Spade, Lauren Lapkus, Nick Swardson, Geoff Pierson, Jackie Sandler, Sarah Chalke, Rob Schneider, Chris Witaske, Joe ""Roman Reigns"" Anoai, Molly Sims","Chris Pappas, Kevin Barnett","Tim thinks he's invited the woman of his dreams on a work retreat to Hawaii, realizing too late he mistakenly texted someone from a nightmare blind date."
8/26/2020,Batman Begins,7,,7,,0,6/15/2005,"Christopher Nolan, David S. Goyer","Warner Bros. Pictures, DC Films, Legendary Pictures, Syncopy",Warner Bros. Pictures,140,"Christian Bale, Michael Caine, Liam Neeson, Katie Holmes, Gary Oldman, Cillian Murphy, Tom Wilkinson, Rutger Hauer, Ken Watanabe, Morgan Freeman",David S. Goyer,"After training with his mentor, Batman begins his fight to free crime-ridden Gotham City from corruption."
8/28/2020,The Dark Knight,9,,9,,0,7/18/2008,Christopher Nolan,"Warner Bros. Pictures, DC Films, Legendary Pictures, Syncopy",Warner Bros. Pictures,152,"Christian Bale, Michael Caine, Heath Ledger, Gary Oldman, Aaron Eckhart, Maggie Gyllenhaal, Morgan Freeman","Jonathan Nolan, Christopher Nolan","When the menace known as the Joker wreaks havoc and chaos on the people of Gotham, Batman must accept one of the greatest psychological and physical tests of his ability to fight injustice."
8/29/2020,Pitch Perfect,5,,7,,-2,9/28/2012,Jason Moore,"Gold Circle Films, Brownstone Productions",Universal Pictures,112,"Anna Kendrick, Skylar Astin, Rebel Wilson, Adam DeVine, Anna Camp, Brittany Snow, John Michael Higgins, Elizabeth Banks",Kay Cannon,"Beca, a freshman at Barden University, is cajoled into joining The Bellas, her school's all-girls singing group. Injecting some much needed energy into their repertoire, The Bellas take on their male rivals in a campus competition."
8/30/2020,The Dark Knight Rises,8,,8,,0,7/20/2012,Christopher Nolan,"Warner Bros. Pictures, DC Films, Legendary Pictures, Syncopy",Warner Bros. Pictures,165,"Christian Bale, Michael Caine, Gary Oldman, Anne Hathaway, Tom Hardy, Marion Cotillard, Joseph Gordon-Levitt, Morgan Freeman","Jonathan Nolan, Christopher Nolan","Eight years after the Joker's reign of anarchy, Batman, with the help of the enigmatic Catwoman, is forced from his exile to save Gotham City from the brutal guerrilla terrorist Bane."
9/4/2020,Knock Down the House,7,,8,,-1,5/1/2019,Rachel Lears,"Jubilee Films, Atlas Films, Artemis Rising",Netflix,86,"Alexandria Ocasio-Cortez, Amy Vilela, Cori Bush, Paula Jean Swearengin","Rachel Lears, Robin Biotnick",A look at the people involved with various political campaigns during the 2018 U.S. congressional election.
9/5/2020,Eighth Grade,5,,6,,-1,7/13/2018,Bo Burnham,"A24, IAC Films, Scott Rudin Productions",A24,94,"Elsie Fisher, Josh Hamilton, Emily Robinson, Jake Ryan, Fred Hechinger",Bo Burnham,An introverted teenage girl tries to survive the last week of her disastrous eighth grade year before leaving to start high school.
9/6/2020,Gone Girl,8,,8,,0,10/3/2014,David Fincher,"Regency Enterprises, TSG Entertainment",20th Century Fox,149,"Ben Affleck, Rosamund Pike, Neil Patrick Harris, Tyler Perry, Carrie Coon, Kim Dickens",Gillian Flynn,"With his wife's disappearance having become the focus of an intense media circus, a man sees the spotlight turned on him when it's suspected that he may not be innocent."
9/7/2020,Tenet,8,,9,,-1,9/3/2020,Christopher Nolan,"Warner Bros. Pictures, Syncopy",Warner Bros. Pictures,140,"John David Washington, Robert Pattinson, Elizabeth Debicki, Dimple Kapadia, Michael Caine, Kenneth Branagh",Christopher Nolan,"Armed with only one word, Tenet, and fighting for the survival of the entire world, a Protagonist journeys through a twilight world of international espionage on a mission that will unfold in something beyond real time."
9/17/2020,The Social Dilemma,1,"This movie is lucky it didn't receive a 1. It's hypocritical by nature using scare tactics and clear generalized targeting to manipulate people. It also blames tech companies for issues of a full technological society. Yes, tech companies are an issue and tech addiction is seriously hurting our society, but the fantasy scenes and dark ominous sound effects detract from the truth of the problem. Data should be regulated and companies should be responsible for false information, but there are non-profit and private companies who cause many of these issues at the same societal rate as these large social network companies.",4,,-3,9/9/2020,Jeff Orlowski,"Exposure Labs, Argent Pictures, The Space Program",Netflix,94,"Tristan Harris, Aza Raskin, Justin Rosenstein, Shoshana Zuboff, Jaron Lanier, Skyler Gisondo, Kara Hayward, Vincent Kartheiser, Anna Lembke","Davis Coombe, Vickie Curtis, Jeff Orlowski","Explores the dangerous human impact of social networking, with tech experts sounding the alarm on their own creations."
9/18/2020,The Postcard Killings,5,,4,,1,3/13/2020,Danis Tanović,Good Films Collective,RLJE Films,104,"Jeffrey Dean Morgan, Famke Janssen, Cush Jumbo","Tove Alsterdal, Ellen Brown Furman, Liza Marklund, Andrew Stern, Tena Štivičić",A New York detective investigates the death of his daughter who was murdered while on her honeymoon in London; he recruits the help of a Scandinavian journalist when other couples throughout Europe suffer a similar fate.
9/19/2020,Anastasia,6,,7,,-1,11/21/1997,"Don Bluth, Gary Goldman","Fox Family Films, Fox Animation Studios",20th Century Fox,94,"Meg Ryan, John Cusack, Kelsey Grammer, Christopher Lloyd, Hank Azaria, Bernadette Peters, Kirsten Dunst, Angela Lansbury","Susan Gauthier, Bruce Graham, Bob Tzudiker, Noni White","The last surviving child of the Russian Royal Family joins two con men to reunite with her grandmother, the Dowager Empress, while the undead Rasputin seeks her death."
9/20/2020,Class Action Park,7,,7,,0,8/27/2020,"Seth Porges, Chris Charles Scott III","Pinball Party Productions, Strategy Films, Warner Max",HBO Max,90,,,A documentary that focuses on a dangerously legendary water park and its slew of injuries and crimes along with child safety concerns.
9/21/2020,Scott Pilgrim vs The World,8,,7,,1,8/13/2010,Edgar Wright,"Marc Platt Productions, Big Talk Films, Closed on Mondays Entertainment, Dentsu",Universal Pictures,112,"Michael Cera, Mary Elizabeth Winstead, Kieran Culkin, Chris Evans, Anna Kendrick, Alison Pill, Brandon Routh, Jason Schwartzman","Michael Bacall, Edgar Wright","In a magically realistic version of Toronto, a young man must defeat his new girlfriend's seven evil exes one by one in order to win her heart."
9/22/2020,The Impossible,7,,8,,-1,10/11/2012,J. A. Bayona,"Apaches Entertainment, Telecinco Cinema",Warner Bros. Pictures,113,"Naomi Watts, Ewan McGregor, Tom Holland","Sergio G. Sánchez, María Belón",The story of a tourist family in Thailand caught in the destruction and chaotic aftermath of the 2004 Indian Ocean tsunami.
9/23/2020,Enola Holmes,6,,5,,1,9/23/2020,Harry Bradbeer,"Legendary Pictures, PCMA Productions",Netflix,121,"Millie Bobby Brown, Sam Claflin, Henry Cavill, Helena Bonham Carter",Jack Thorne,"When Enola Holmes-Sherlock's teen sister-discovers her mother missing, she sets off to find her, becoming a super-sleuth in her own right as she outwits her famous brother and unravels a dangerous conspiracy around a mysterious young Lord."
9/24/2020,Forgetting Sarah Marshall,8,,8,,0,4/18/2008,Nicholas Stoller,Apatow Productions,Universal Pictures,111,"Jason Segel, Kristen Bell, Mila Kunis, Russell Brand",Jason Segel,"Devastated Peter takes a Hawaiian vacation in order to deal with the recent break-up with his TV star girlfriend, Sarah. Little does he know, Sarah's traveling to the same resort as her ex - and she's bringing along her new boyfriend."
9/24/2020,A Simple Favor,7,,6,,1,9/14/2018,Paul Feig,"Lionsgate Films, Feigco Entertainment, Bron Studios",Lionsgate Films,117,"Anna Kendrick, Blake Lively, Henry Golding, Andrew Rannells","Jessica Sharzer, Darcey Bell","Stephanie is a single mother with a parenting vlog who befriends Emily, a secretive upper-class woman who has a child at the same elementary school. When Emily goes missing, Stephanie takes it upon herself to investigate."
10/4/2020,Bumblebee,6,,5,,1,12/21/2018,Travis Knight,"Allspark Pictures, Di Bonaventura Pictures, Tencent Pictures",Paramount Pictures,114,"Hailee Steinfeld, John Cena, Jorge Lendeborg Jr., John Ortiz, Jason Drucker, Pamela Adlon",Christina Hodson,"On the run in the year 1987, Bumblebee finds refuge in a junkyard in a small California beach town. On the cusp of turning 18 and trying to find her place in the world, Charlie Watson discovers Bumblebee, battle-scarred and broken."
10/11/2020,Cabin in the Woods,9,,8,,1,4/13/2012,Drew Goddard,Mutant Enemy Productions,Lionsgate Films,95,"Kristen Connolly, Chris Hemsworth, Anna Hutchison, Fran Kranz, Jesse Williams, Richard Jenkins, Bradley Whitford","Joss Whedon, Drew Goddard","Five friends go for a break at a remote cabin, where they get more than they bargained for, discovering the truth behind the cabin in the woods."
10/12/2020,American Murder: The Family Next Door,N/A,,6,,#VALUE!,9/30/2020,Jenny Popplewell,Knickerbockerglory,Netflix,82,,,"In 2018, 34-year-old Shanann Watts and her two young daughters disappear in Colorado. With the heartbreaking details emerging, the family's story made headlines around the world."
10/17/2020,The Trial of the Chicago 7,N/A,,8,,#VALUE!,9/25/2020,Aaron Sorkin,"Paramount Pictures, DreamWorks Pictures, Cross Creek Pictures, Marc Platt Productions, ShivHans Pictures",Netflix,130,"Yahya Abdul-Mateen II, Sacha Baron Cohen, Daniel Flaherty, Joseph Gordon-Levitt, Michael Keaton, Frank Langella, John Carroll Lynch, Eddie Redmayne, Noah Robbins, Mark Rylance, Alex Sharp, Jeremy Strong",Aaron Sorkin,"The story of 7 people on trial stemming from various charges surrounding the uprising at the 1968 Democratic National Convention in Chicago, Illinois."
10/17/2020,Fighting with my Family,9,"I don't know what it was about this movie, but it got me ALL UP IN MY FEELING. The story was told in such a way that I was always cheering for Sariyah, I mean Paige. Maybe it's sports stories where the underdog comes out on top I don't know but I'm all for this movie.",N/A,,#VALUE!,2/14/2019,Stephen Merchant,"Metro-Goldwyn-Mayer, Film4, The Ink Factory, Seven Bucks Productions, Misher Films, WWE Studios",Mirror Releasing,108,"Florence Pugh, Lena Headey, Nick Frost, Jack Lowden, Vince Vaughn, Dwayne Johnson",Stephen Merchant,A former wrestler and his family make a living performing at small venues around the country while his kids dream of joining World Wrestling Entertainment.
10/24/2020,The Devil All the Time,6,,N/A,,#VALUE!,9/11/2020,Antonio Campos,"Nine Stories Productions, Bronx Moving Company",Netflix,139,"Tom Holland, Bill Skarsgård, Riley Keough, Jason Clarke, Sebastian Stan, Haley Bennett, Eliza Scanlen, Mia Wasikowska, Robert Pattinson","Antonio Campos, Paulo Campos",Sinister characters converge around a young man devoted to protecting those he loves in a postwar backwoods town teeming with corruption and brutality.
10/25/2020,Knives Out,N/A,,10,,#VALUE!,11/27/2019,Rian Johnson,"MRC, T-Street",Lionsgate Films,130,"Daniel Craig, Chris Evans, Ana de Armas, Jamie Lee Curtis, Michael Shannon, Don Johnson, Toni Collette, Lakeith Stanfield, Katherine Langford, Jaeden Martell, Christopher Plummer",Rian Johnson,"A detective investigates the death of a patriarch of an eccentric, combative family."
10/25/2020,Hocus Pocus,N/A,,7,,#VALUE!,7/16/1993,Kenny Ortega,Walt Disney Pictures,Buena Vista Pictures,96,"Bette Midler, Sarah Jessica Parker, Kathy Najimy, Omri Katz, Thora Birch, Vinessa Shaw","Mick Garris, Neil Cuthbert, David Kirschener","A curious youngster moves to Salem, where he struggles to fit in before awakening a trio of diabolical witches that were executed in the 17th century."
10/25/2020,Hush,7,"This sequel to Home Alone just isn't the same without McCullough Culkin.. it's not a sequel? oh that explains a lot. A lot of this movie seems illogical. The idea that a deaf woman would try to escape in a forrest from a guy with a crossbow rather than fight knife against knife inside her house seems stupid. She ultimately takes her cues from Culkin, but not soon enough in my opinion making this movie far too long!",N/A,,#VALUE!,4/8/2016,Mike Flanagan,"Blumhouse Productions, Intrepid Pictures",Netflix,81,"John Gallagher Jr., Michael Trucco, Kate Siegel","Mike Flanagan, Kate Siegel",A deaf and mute writer who retreated into the woods to live a solitary life must fight for her life in silence when a masked killer appears at her window.
10/29/2020,Spider-Man into the spider-verse,10,,N/A,,#VALUE!,12/14/2018,"Bob Persichetti, Peter Ramsey, Rodney Rothman","Columbia Pictures, Sony Pictures Animation, Marvel Entertainment, Arad Productions, Lord Miller Productions, Pascal Pictures",Sony Pictures Releasing,117,"Shameik Moore, Jake Johnson, Hailee Steinfeld, Mahershala Ali, Brian Tyree Henry, Lily Tomlin, Luna Lauren Velez, John Mulaney, Kimiko Glenn, Nicolas Cage, Liev Schreiber","Phil Lord, Stan Lee, Brian Michael Bendis, Sara Pichelli ","Teen Miles Morales becomes the Spider-Man of his universe, and must join with five spider-powered individuals from other dimensions to stop a threat for all realities."
10/30/2020,Clouds,N/A,,4,,#VALUE!,10/16/2020,Justin Baldoni,"Wayfarer Studios, Mad Chance Productions, La Scala Films",Disney+,121,"Fin Argus, Sabrina Carpenter, Madison Iseman, Lil Rel Howery, Tom Everett Scott, Neve Campbell","Kara Holden, Patrick Kopka, Casey La Scala","Young musician Zach Sobiech discovers his cancer has spread, leaving him just a few months to live. With limited time, he follows his dream and makes an album, unaware that it will soon be a viral music phenomenon."
10/31/2020,Interstellar,N/A,,9,,#VALUE!,11/5/2014,Christopher Nolan,"Paramount Pictures, Warner Bros. Pictures, Legendary Pictures, Syncopy, Lynda Obst Productions",Paramount Pictures,169,"Matthew McConaughey, Anne Hathaway, Jessica Chastain, Bill Irwin, Ellen Burstyn, Michael Caine","Jonathan Nolan, Christopher Nolan",A team of explorers travel through a wormhole in space in an attempt to ensure humanity's survival.
11/1/2020,The Parent Trap,N/A,,8,,#VALUE!,7/29/1998,Nancy Meyers,Walt Disney Pictures,Buena Vista Pictures,128,"Lindsay Lohan, Dennis Quaid, Natasha Richardson","David Swift, Nancy Meyers, Charles Shyer, Erich Kästner","Identical twins Annie and Hallie, separated at birth and each raised by one of their biological parents, later discover each other for the first time at summer camp and make a plan to bring their wayward parents back together."
11/1/2020,The Lie,N/A,,5,,#VALUE!,10/6/2020,Veena Sud,"Blumhouse Productions, Mad Dog Films, Bitter Boy Productions",Amazon Studios,97,"Mireille Enos, Peter Sarsgaard, Joey King","Veena Sud, Marcus Seibert, Sebastian Ko","A father and daughter are on their way to dance camp when they spot the girl's best friend on the side of the road. When they stop to offer the friend a ride, their good intentions soon result in terrible consequences."
11/6/2020,Stranger Than Fiction.,7,,8,,-1,11/10/2006,Marc Forster,"Columbia Pictures, Mandate Pictures, Three Strange Angels",Sony Pictures Releasing,113,"Will Ferrell, Maggie Gyllenhaal, Dustin Hoffman, Queen Latifah, Emma Thompson",Zach Helm,"I.R.S. auditor Harold Crick suddenly finds himself the subject of narration only he can hear: narration that begins to affect his entire life, from his work, to his love-interest, to his death."
11/7/2020,Professor Marston and the Wonder Woman,7,,7,,0,10/13/2017,Angela Robinson,"Boxspring Entertainment, Stage 6 Films, Topple Productions",Annapurna Pictures,108,"Luke Evans, Rebecca Hall, Bella Heathcote, JJ Feild, Oliver Platt, Connie Britton",Angela Robinson,"The story of psychologist William Moulton Marston, and his polyamorous relationship with his wife and their mistress who would inspire his creation of the superheroine, Wonder Woman."
11/11/2020,Safety Not Guaranteed,6,,6,,0,6/8/2012,Colin Trevorrow,"Big Beach, Duplass Brothers Productions",FilmDistrict,86,"Aubrey Plaza, Mark Duplass, Jake Johnson, Karan Soni, Jenica Bergere, Kristen Bell, Jeff Garlin, Mary Lynn Rajskub",Derek Connolly,Three magazine employees head out on an assignment to interview a guy who placed a classified advertisement seeking a companion for time travel.
11/11/2020,Spirited Away,6,,4,,2,7/20/2001,Hayao Miyazaki,Studio Ghibli,Toho,125,"Rumi Hiiragi, Miyu Irino, Mari Natsuki, Takeshi Naito, Yasuko Sawaguchi, Tsunehiko Kamijō, Takehiko Ono, Bunta Sugawara",Hayao Miyazaki,"During her family's move to the suburbs, a sullen 10-year-old girl wanders into a world ruled by gods, witches, and spirits, and where humans are changed into beasts."
11/14/2020,Easy A,8,,8,,0,9/17/2010,Will Gluck,Olive Bridge Entertainment,Screen Gems,92,"Emma Stone, Penn Badgley, Amanda Bynes, Thomas Haden Church, Patricia Clarkson, Cam Gigandet, Lisa Kudrow, Malcolm McDowell, Aly Michalka, Stanley Tucci",Bert V. Royal,A clean-cut high school student relies on the school's rumor mill to advance her social and financial standing.
11/26/2020,Klaus,9,,9,,0,11/8/2019,Sergio Pablos,"Netflix Animation, Sergio Pablos Animation Studios, Atresmedia Cine",Netflix,97,"Jason Schwartzman, J. K. Simmons, Rashida Jones, Will Sasso, Neda Margrethe Labba, Sergio Pablos, Norm Macdonald, Joan Cusack","Sergio Pablos, Jim Mahoney, Zach Lewis","A simple act of kindness always sparks another, even in a frozen, faraway place. When Smeerensburg's new postman, Jesper, befriends toymaker Klaus, their gifts melt an age-old feud and deliver a sleigh full of holiday traditions."
11/27/2020,The Family Stone,6,,8,,-2,12/16/2005,Thomas Bezucha,Fox 2000 Pictures,20th Century Fox,104,"Claire Danes, Diane Keaton, Rachel McAdams, Dermot Mulroney, Craig T. Nelson, Sarah Jessica Parker, Luke Wilson, Brian White",Thomas Bezucha,"An uptight, conservative businesswoman accompanies her boyfriend to his eccentric and outgoing family's annual Christmas celebration and finds that she's a fish out of water in their free-spirited way of life."
12/5/2020,Happiest Season,3,,5,,-2,11/25/2020,Clea DuVall,"TriStar Pictures, Entertainment One, Temple Hill Entertainment, TriStar Productions",Hulu,102,"Kristen Stewart, Mackenzie Davis, Alison Brie, Aubrey Plaza, Dan Levy, Mary Holland, Victor Garber, Mary Steenburgen","Clea DuVall, Mary Holland","A holiday romantic comedy that captures the range of emotions tied to wanting your family's acceptance, being true to yourself, and trying not to ruin Christmas."
12/7/2020,Die Hard,8,,6,,2,7/15/1988,John McTiernan,"Gordon Company, Silver Pictures",20th Century Fox,132,"Bruce Willis, Alan Rickman, Alexander Godunov, Bonnie Bedelia","Jeb Stuart, Steven E. de Souza, Roderick Thorp",An NYPD officer tries to save his wife and several others taken hostage by German terrorists during a Christmas party at the Nakatomi Plaza in Los Angeles.
12/11/2020,Best in Show,7,,8,,-1,9/29/2000,Christopher Guest,Castle Rock Entertainment,Warner Bros. Pictures,90,"Jennifer Coolidge, Christopher Guest, John Michael Higgins, Michael Hitchcock, Eugene Levy, Jane Lynch, Michael McKean, Catherine O'Hara, Parker Posey","Christopher Guest, Eugene Levy","A ""behind the scenes"" look into the highly competitive and cut-throat world of dog-shows through the eyes of a group of ruthless dog owners."
12/12/2020,Instant Family,5,,6,,-1,11/16/2018,Sean Anders,"Leverage Entertainment, Closest to The Hole Productions, Two Grown Men Productions",Paramount Pictures,118,"Mark Wahlberg, Rose Byrne, Isabela Moner, Iliza Shlesinger, Tig Notaro, Margo Martindale, Julie Hagerty, Octavia Spencer","Sean Anders, John Morris",A couple find themselves in over their heads when they foster three children.
12/18/2020,Jingle All the Way,4,,3,,1,11/22/1996,Brian Levant,1492 Pictures,20th Century Fox,89,"Arnold Schwarzenegger, Sinbad, Phil Hartman, Rita Wilson, Robert Conrad, Jake Lloyd, Jim Belushi",Randy Kornfield,"A father vows to get his son a Turbo Man action figure for Christmas. However, every store is sold out of them, and he must travel all over town and compete with everybody else in order to find one."
12/22/2020,Along Came a Spider,5,,5,,0,4/6/2001,Lee Tamahori,"Phase 1 Productions, Revelations Entertainment",Paramount Pictures,103,"Morgan Freeman, Monica Potter, Michael Wincott, Penelope Ann Miller, Michael Moriarty","Marc Moss, James Patterson","When a senator's daughter under Secret Service protection is kidnapped from a private school, detective Alex Cross investigates the case even though he's recovering from the loss of his partner."
12/22/2020,The Knight Before Christmas,2,,3,,-1,11/21/2019,Monika Mitchell,"MPCA, Brad Krevoy Productions",Netflix,92,"Vanessa Hudgens, Josh Whitehouse, Emmanuelle Chriqui",Cara J. Russell,A medieval English knight is magically transported to present-day America where he falls for a high school science teacher who is disillusioned by love.
12/24/2020,The Killing of a Sacred Deer,3,,3,,0,11/3/2017,Yorgos Lanthimos,"Film4, New Sparta Films, HanWay Films, Element Pictures, Limp, A24",Curzon Artificial Eye,121,"Colin Farrell, Nicole Kidman, Barry Keoghan, Raffey Cassidy, Sunny Suljic, Alicia Silverstone, Bill Camp","Euripides, Yorgos Lanthimos, Efthymis Filippou","Steven, a charismatic surgeon, is forced to make an unthinkable sacrifice after his life starts to fall apart, when the behavior of a teenage boy he has taken under his wing turns sinister."
12/24/2020,High-Rise,3,,2,,1,3/18/2016,Ben Wheatley,"Recorded Picture Company, Film4, British Film Institute",StudioCanal,119,"Tom Hiddleston, Jeremy Irons, Sienna Miller, Luke Evans, Elisabeth Moss","Amy Jump, J.G. Ballard",Life for the residents of a tower block begins to run out of control.
12/27/2020,Wonder Woman 1984,6,,5,,1,12/25/2020,Patty Jenkins,"DC Films, Atlas Entertainment, The Stone Quarry",Warner Bros. Pictures,151,"Gal Gadot, Chris Pine, Kristen Wiig, Pedro Pascal, Robin Wright, Connie Nielsen","Patty Jenkins, Geoff Johns, Dave Callaham",Rewind to the 1980s as Wonder Woman's next big screen adventure finds her facing two all-new foes: Max Lord and The Cheetah.
12/27/2020,Soul,5,,6,,-1,12/25/2020,Pete Docter,"Walt Disney Pictures, Pixar Animation Studios",Walt Disney Studios Motion Pictures,106,"Jamie Foxx, Tina Fey, Graham Norton, Rachel House, Alice Braga, Richard Ayoade, Phylicia Rashad, Donnell Rawlings, Questlove, Angela Bassett","Pete Docter, Mike Jones, Kemp Powers",A musician who has lost his passion for music is transported out of his body and must find his way back with the help of an infant soul learning about herself.
12/30/2020,Rise of the Guardians,7,,7,,0,11/21/2012,Peter Ramsey,Dreamworks Animation,Paramount Pictures,97,"Chris Pine, Alec Baldwin, Hugh Jackman, Isla Fisher, Jude Law","David Lindsay-Abaire, William Joyce","When the evil spirit Pitch launches an assault on Earth, the Immortal Guardians team up to protect the innocence of children all around the world."
1/1/2021,Moana,9,"Almost a 10, but it's just not SHINAY enough.",8,,1,11/23/2016,"Ron Clements, John Musker","Walt Disney Pictures, Walt Disney Animation Studios",Walt Disney Studios Motion Pictures,107,"Auliʻi Cravalho, Dwayne Johnson, Rachel House, Temuera Morrison, Jemaine Clement, Nicole Scherzinger, Alan Tudyk","Jared Bush, Chris Williams, Don Hall, Pamela Ribon, Aaron Kandell, Jordan Kandell, Ron Clements, John Musker","In Ancient Polynesia, when a terrible curse incurred by the Demigod Maui reaches Moana's island, she answers the Ocean's call to seek out the Demigod to set things right."
1/5/2021,Vivarium,8,The movie itself was very much my type of weird and thrilling and gorgeous. It could be an 8 or 9 depending on my mood. ,6,"disturbing in a way they intended, but a bit too disturbing for me",2,5/18/2019,,,,,,,
1/17/2021,The Incredibles,9,,9,,0,11/5/2004,,,,,,,
1/17/2021,The Boy Who Harnessed the Wind,8,,N/A,,#VALUE!,1/25/2019,,,,,,,
1/17/2021,Molly's Game,7,,8,,-1,12/25/2017,,,,,,,
1/18/2021,Pieces of a Woman,8,,7,,1,12/30/2020,,,,,,,
1/24/2021,Save Yourselves!,8,,7,,1,10/2/2020,,,,,,,
1/28/2021,Chef,9,,8,,1,5/9/2014,,,,,,,
1/29/2021,Jojo Rabbit,10,,9,,1,10/18/2019,,,,,,,
1/29/2021,"I, Tonya",8,,7,,1,12/8/2017,,,,,,,
1/30/2021,Thor Ragnarok,8,,8,,0,11/3/2017,,,,,,,
1/30/2021,Oceans 8,6,"Not once, not even once did two girls split off and say passive aggressive comments about the other 6 girls.",6,,0,6/8/2018,,,,,,,
1/31/2021,Cats,1,"To quote from Birth.Movies.Death: ""The experience of seeing Cats is a singular one, so to speak. Tom Hooper's ill-advised adaptation of the most nonsensical musical of all time has been variously described as a disasterpiece, a thoroughly bizarre and deeply unsettling work of visual media, a piece of aggressive anti-art, a work of body horror that would make David Cronenberg cringe himself into oblivion, a confounding shitshow of digital tomfoolery, and then some. But humans are nothing if not morbidly curious and self-destructive, which would account for [why we watched this movie]""",1,,0,12/20/2019,,,,,,,
2/3/2021,Trolls,7,,8,,-1,11/4/2016,,,,,,,
2/5/2021,Trolls: World Tour,6,,6,,0,4/10/2020,,,,,,,
2/6/2021,Into the Woods,6,I love musicals and the story is great (obv not original). somehow the pacing was a bit hot or miss. either exciting or tiring. ,6,,0,12/25/2014,,,,,,,
2/6/2021,Little Woods,5,,5,,0,4/19/2019,,,,,,,
2/12/2021,The Little Mermaid,7,,7,,0,,,,,,,,
2/13/2021,The Little Mermaid II: Return to the Sea,3,,4,,-1,,,,,,,,
2/14/2021,Ice Age,6,,7,,-1,,,,,,,,
2/14/2021,Tropic Thunder,6,,5,,1,,,,,,,,
2/15/2021,The Secret Life of Walter Mitty,7,,7,,0,,,,,,,,
2/15/2021,MacGruber,5,,5,,0,,,,,,,,
2/19/2021,Anchorman,8,,7,,1,,,,,,,,
2/21/2021,Spiderman: Into the Spiderverse,10,,N/A,,#VALUE!,,,,,,,,
2/27/2021,Minari,8,"I feel like I came in with the high expectations this would be as brilliant and emotional as The Farewell, but something fell a bit flatter for me. brilliant but can't stand up to the movies that came before and did slightly better in my eyes.",9,,-1,,,,,,,,
3/4/2021,Wendy,4,,5,,-1,,,,,,,,
3/5/2021,Crazy Stupid Love,8,,8,,0,,,,,,,,
3/5/2021,Beasts of the Southern Wild,8,,N/A,,#VALUE!,,,,,,,,
3/6/2021,Chaos Walking,8,,7,,1,,,,,,,,
3/9/2021,Rear Window,8,,N/A,,#VALUE!,,,,,,,,
3/10/2021,Big Hero 6,7,,8,,-1,,,,,,,,
3/18/2021,Baby Driver ,9,,9,,0,,,,,,,,
3/19/2021,Captain Fantastic,7,,7,,0,,,,,,,,
3/20/2021,The Nice Guys,8,,8,,0,,,,,,,,
3/21/2021,Sound of Metal,10,,N/A,,#VALUE!,,,,,,,,
3/21/2021,Young Adult,7,,5,,2,,,,,,,,
3/22/2021,Captain America: The First Avenger,6,,5,,1,,,,,,,,
3/23/2021,Captain Marvel,5,,5,,0,,,,,,,,
3/25/2021,Ironman ,8,,6,,2,,,,,,,,
3/26/2021,Invisible Man ,10,,9,,,,,,,,,,
3/29/2021,Ironman 2,7,,5,,,,,,,,,,
4/11/2021,Thor,5,,6,,,,,,,,,,
4/12/2021,Marvel's The Avengers,8,,6,,,,,,,,,,
4/16/2021,Split,7,,8,,,,,,,,,,
4/17/2021,My Best Friend's Wedding,N/A,,5,,,,,,,,,,
4/18/2021,Thor: The Dark World,4,,4,,,,,,,,,,
4/19/2021,Ironman 3,6,,4,,,,,,,,,,
4/20/2021,Captain America: Winter Soldier ,6,,4,,,,,,,,,,
4/23/2021,Guardians of the Galaxy,8,,8,,,,,,,,,,
4/24/2021,Guardians of the Galaxy: Vol 2,8,,8,,,,,,,,,,
4/25/2021,Stowaway,6,,6,,,,,,,,,,
4/26/2021,Antman,6,,7,,,,,,,,,,
4/27/2021,Spiderman: Homecoming,8,,6,,,,,,,,,,
5/1/2021,Cloud Atlas,4,,4,,,,,,,,,,
5/3/2021,The Mitchell's vs the Machines,7,,6,,,,,,,,,,
5/4/2021,Black Panther,8,,7,,,,,,,,,,
5/8/2021,Doctor Strange,8,,7,,,,,,,,,,
5/9/2021,Zathura,4,,N/A,,,,,,,,,,
5/9/2021,Thor Ragnarok,8,,8,,,,,,,,,,
5/14/2021,Avengers: Infinity Wars,10,,,,,,,,,,,,
5/14/2021,Avengers: End Game,10,,,,,,,,,,,,